Workbook

Sheet PhieuDieuTri
A1: ma_pdt | B1: ngay_kham | C1: ma_dt | D1: so_lan | E1: ten_dieu_tri | F1: gia_lan | G1: chi_phi
A2: PDT001 | B2: 2026-04-01 | C2: LT01 | D2: 2 | E2: =VLOOKUP(C2,DieuTri!$A$1:$C$8,2,FALSE) -> Lay tuy rang | F2: =VLOOKUP(C2,DieuTri!$A$1:$C$8,3,1) -> 300000 | G2: =D2*F2 -> 600000
A3: PDT002 | B3: 2026-04-02 | C3: TR01 | D3: 3 | E3: =VLOOKUP(C3,DieuTri!$A$1:$C$8,2,FALSE) -> Tram rang | F3: =VLOOKUP(C3,DieuTri!$A$1:$C$8,3,1) -> 500000 | G3: =D3*F3 -> 1500000
A4: PDT003 | B4: 2026-04-03 | C4: KH01 | D4: 5 | E4: =VLOOKUP(C4,DieuTri!$A$1:$C$8,2,FALSE) -> Kham tong quat | F4: =VLOOKUP(C4,DieuTri!$A$1:$C$8,3,1) -> 300000 | G4: =D4*F4 -> 1500000
A5: PDT004 | B5: 2026-04-04 | C5: LT01 | D5: 4 | E5: =VLOOKUP(C5,DieuTri!$A$1:$C$8,2,FALSE) -> Lay tuy rang | F5: =VLOOKUP(C5,DieuTri!$A$1:$C$8,3,1) -> 300000 | G5: =D5*F5 -> 1200000
A6: PDT005 | B6: 2026-04-05 | C6: NI01 | D6: 2 | E6: =VLOOKUP(C6,DieuTri!$A$1:$C$8,2,FALSE) -> Tu van nieng rang | F6: =VLOOKUP(C6,DieuTri!$A$1:$C$8,3,1) -> 300000 | G6: =D6*F6 -> 600000
A7: PDT006 | B7: 2026-04-06 | C7: NI01 | D7: 5 | E7: =VLOOKUP(C7,DieuTri!$A$1:$C$8,2,FALSE) -> Tu van nieng rang | F7: =VLOOKUP(C7,DieuTri!$A$1:$C$8,3,1) -> 300000 | G7: =D7*F7 -> 1500000
A8: PDT007 | B8: 2026-04-07 | C8: CV01 | D8: 1 | E8: =VLOOKUP(C8,DieuTri!$A$1:$C$8,2,FALSE) -> Cao voi rang | F8: =VLOOKUP(C8,DieuTri!$A$1:$C$8,3,1) -> 300000 | G8: =D8*F8 -> 300000
A9: PDT008 | B9: 2026-04-08 | C9: NI01 | D9: 3 | E9: =VLOOKUP(C9,DieuTri!$A$1:$C$8,2,FALSE) -> Tu van nieng rang | F9: =VLOOKUP(C9,DieuTri!$A$1:$C$8,3,1) -> 300000 | G9: =D9*F9 -> 900000
A10: PDT009 | B10: 2026-04-09 | C10: CV01 | D10: 1 | E10: =VLOOKUP(C10,DieuTri!$A$1:$C$8,2,FALSE) -> Cao voi rang | F10: =VLOOKUP(C10,DieuTri!$A$1:$C$8,3,1) -> 300000 | G10: =D10*F10 -> 300000
A11: PDT010 | B11: 2026-04-10 | C11: LT01 | D11: 4 | E11: =VLOOKUP(C11,DieuTri!$A$1:$C$8,2,FALSE) -> Lay tuy rang | F11: =VLOOKUP(C11,DieuTri!$A$1:$C$8,3,1) -> 300000 | G11: =D11*F11 -> 1200000
A12: PDT011 | B12: 2026-04-11 | C12: TR01 | D12: 5 | E12: =VLOOKUP(C12,DieuTri!$A$1:$C$8,2,FALSE) -> Tram rang | F12: =VLOOKUP(C12,DieuTri!$A$1:$C$8,3,1) -> 500000 | G12: =D12*F12 -> 2500000
A13: PDT012 | B13: 2026-04-12 | C13: TT01 | D13: 2 | E13: =VLOOKUP(C13,DieuTri!$A$1:$C$8,2,FALSE) -> Tay trang rang | F13: =VLOOKUP(C13,DieuTri!$A$1:$C$8,3,1) -> 500000 | G13: =D13*F13 -> 1000000
... A16: PDT015 | B16: 2026-04-15 | C16: NR01 | D16: 2 | E16: =VLOOKUP(C16,DieuTri!$A$1:$C$8,2,FALSE) -> Nho rang sua | F16: =VLOOKUP(C16,DieuTri!$A$1:$C$8,3,1) -> 150000 | G16: =D16*F16 -> 300000

Sheet DieuTri
A1: ma_dt | B1: ten_dieu_tri | C1: gia_lan
A2: CV01 | B2: Cao voi rang | C2: 300000
A3: TR01 | B3: Tram rang | C3: 400000
A4: NR01 | B4: Nho rang sua | C4: 150000
A5: TT01 | B5: Tay trang rang | C5: 1500000
A6: LT01 | B6: Lay tuy rang | C6: 1200000
A7: KH01 | B7: Kham tong quat | C7: 200000
A8: NI01 | B8: Tu van nieng rang | C8: 500000
